Charter,Credit Union,Website
40187,1st Street Credit Union,www.1streetcu.com
40034,Achieva Credit Union,www.achievacu.com
40677,Addition Financial Credit Union,www.additionfi.com
40314,Advent Health Credit Union,adventhealthcreditunion.org
40256,Alive Credit Union,www.alivecu.coop
40121,BrightStar Credit Union,www.bscu.org
40377,Calhoun-Liberty Employees CU,calhounlibertycu.com
40662,Campus USA Credit Union,campuscu.com
40264,Champions First Credit Union,championsfirst.org
40081,City-County Employees Credit Union,www.ccecu.org
40060,Coast 2 Coast Financial Credit Union,www.c2cfcu.com
40240,Communtiy Credit Union of Florida,www.ccuflorida.org
40018,Community First Credit Union of Florida,www.communityfirstfl.org
40447,Community South Credit Union,www.communitysouth.net
40475,Connect Credit Union,connectcu.org
40084,Container Mutual Credit Union,n/a
40340,ECCO Credit Union,www.ecocu.org
40484,ECU Credit Union,www.ecucreditunion.com
40135,Electricians Local 349 Credit Union,www.local349cu.org
40254,Envision Credit Union,www.envisioncu.com
40665,Fairwinds Credit Union,www.fairwinds.org
40002,First Choice Credit Union,www.firstchoicecu.org
40671,First Coast Community Credit Union,www.connectcu.org
40659,First Commerce Credit Union,www.firstcommercecu.org
40168,First Florida Credit Union,www.firstflorida.org
40312,Florida Credit Union,www.flcu.org
40096,Florida West Coast Credit Union,www.fwccu.com
40400,Floridacentral Credit Union,www.floridacentralcu.com
40219,Guardians Credit Union,www.guardianscu.coop
40676,Gulf Winds,www.gogulfwinds.com
40625,Hello Credit Union,www.hellocu.com
40683,Innovations Financial Credit Union,www.innovationsfcu.org
40611,Insight Credit Union,www.insightcreditunion.com
40674,iTHINK Financial Credit Union,www.ithinkfi.org
40296,Jackson County Teachers Credit Union,www.jacksoncounty1st.com
40008,Jax Fire Credit Union,www.jaxfirecu.org
40500,Jefferson County Teachers CU,www.jctcuonline.org
40679,Launch Credit Union,www.launchcu.com
40472,Loyalty Credit Union,www.loyaltycu.org
40486,Madison Education Association CU,www.madisoncuonline.org
40273,Members First Credit Union of Florida,www.membersfirstfl.org
40685,Memorial Employees Financial Credit Union,www.mefcu.org
40005,Miami Postal Service Credit Union,www.mpscu.org
40672,MIDFLORIDA Credit Union,www.midflorida.com
40238,Ocala Community Credit Union,www.ocalacommunitycu.com
40678,Orlando Credit Union,www.orlandocreditunion.org
40680,Panhandle Credit Union,www.panhandlecu.org
40684,Pen Air Credit Union,www.penair.org
40350,Pompano Beach City Employees CU,www.pbecu.com
40666,Power Financial Credit Union,www.powerfi.org
40464,PowerNet Credit Union,www.powerfi.org
40006,Priority Credit Union,www.prioritycu.org
40146,PriorityONE Credit Union of Florida,www.prioritycu.org
40681,Radiant Credit Union,www.radiantcu.org
40646,Shaw-Ross Employees Credit Union,www.scefcu.org
40181,Space Coast Credit Union,www.sccu.com
40123,Sun Credit Union,www.suncu.org
40673,Suncoast Credit Union,www.suncoast.com
40668,Tropical Financial Credit Union,www.tropicalfcu.com
40675,TRU FI Credit Union,www.truficu.org
40131,University Credit Union,www.ucumiami.org
40670,Vystar Credit Union,www.vystarcu.org
40213,We Florida Financial,www.wefloridafinancial.com
