Credit Union,City,Phone
American Lake Credit Union,Lakewood,(253) 584-0079
Avista Corp. Credit Union,Spokane,(509) 495-8067
Blue Mountain Credit Union,College Place,(509) 526-4562
Boeing Employees Credit Union (BECU),Seattle,(206) 439-5700
Columbia Community Credit Union,Vancouver,(360) 891-4000
Connection Credit Union,Silverdale,(360) 307-6400
evergreenDIRECT Credit Union,Tumwater,(360) 943-7676
Express Credit Union,Seattle,(206) 622-1850
Gesa Credit Union,Richland,(509) 942-6121
HAPO Community Credit Union,Richland,(509) 943-5676
Harborstone Credit Union,Tacoma,(253) 584-6413
Horizon Credit Union,Spokane Valley,(509) 928-6494
Industrial Credit Union of Whatcom County,Bellingham,(360) 734-2043
iQ Credit Union,Vancouver,(360) 695-3441
Kitsap Credit Union,Bremerton,(360) 662-2000
Mill Town Credit Union,Everett,(425) 252-5139
MountainCrest,Arlington,(360) 435-5400
Mt. Rainier Credit Union,Puyallup,(253) 841-2668
North Coast Credit Union,Bellingham,(360) 733-3982
Northwest Plus Credit Union,Everett,(425) 297-1000
Numerica Credit Union,Spokane Valley,(509) 535-7613
O Bee Credit Union,Lacey,(360) 943-0740
Olympia Credit Union,Olympia,(360) 754-5559
OUR Community Credit Union,Shelton,(360) 426-9701
Peak Credit Union,Lacey,(360) 357-9911
PrimeSource Credit Union,Spokane,(509) 838-6157
Progressions Credit Union,Spokane,(509) 535-0191
Puget Sound Cooperative Credit Union,Bellevue,(425) 283-5151
Qualstar Credit Union,Bothell,(800) 228-9901
Red Canoe Credit Union,Longview,(360) 425-2130
Responders Emergency Services Credit Union,Spokane,(509) 327-3244
Salal Credit Union,Seattle,(206) 298-9394
Seattle Credit Union,Seattle,(206) 398-5500
SnoCope Credit Union,Everett,(425) 405-9973
Sno Falls Credit Union,Snoqualmie,(425) 888-4004
Solarity Credit Union,Yakima,(509) 248-1720
Sound Credit Union,Tacoma,(253) 383-2016
Spokane City Credit Union,Spokane,(509) 325-7228
Spokane Firefighters Credit Union,Spokane,(509) 484-5650
Spokane Teachers Credit Union (STCU),Liberty Lake,(509) 326-1954
Strait-View Credit Union,Port Angeles,(360) 452-3883
Tacoma Longshoremen Credit Union,Tacoma,(253) 272-2161
TAPCO Credit Union,Tacoma,(253) 565-9895
Verity Credit Union,Seattle,(206) 440-9000
Washington State Employees Credit Union (WSECU),Olympia,(360) 943-7911
WCLA Credit Union,Olympia,(360) 352-5033
Whatcom Educational Credit Union,Bellingham,(360) 676-1168
White River Credit Union,Enumclaw,(360) 825-4833
